{
  "variants": {
    "bites=0": {
      "model": "minecraft:block/halloween_cake"
    },
    "bites=1": {
      "model": "minecraft:block/halloween_cake_slice1"
    },
    "bites=2": {
      "model": "minecraft:block/halloween_cake_slice2"
    },
    "bites=3": {
      "model": "minecraft:block/halloween_cake_slice3"
    },
    "bites=4": {
      "model": "minecraft:block/halloween_cake_slice4"
    },
    "bites=5": {
      "model": "minecraft:block/halloween_cake_slice5"
    },
    "bites=6": {
      "model": "minecraft:block/halloween_cake_slice6"
    }
  }
}