{
  "multipart": [
    {
      "apply": [
        {
          "model": "minecraft:block/purple_dark_fire_floor0"
        },
        {
          "model": "minecraft:block/purple_dark_fire_floor1"
        }
      ]
    },
    {
      "apply": [
        {
          "model": "minecraft:block/purple_dark_fire_side0"
        },
        {
          "model": "minecraft:block/purple_dark_fire_side1"
        },
        {
          "model": "minecraft:block/purple_dark_fire_side_alt0"
        },
        {
          "model": "minecraft:block/purple_dark_fire_side_alt1"
        }
      ]
    },
    {
      "apply": [
        {
          "model": "minecraft:block/purple_dark_fire_side0",
          "y": 90
        },
        {
          "model": "minecraft:block/purple_dark_fire_side1",
          "y": 90
        },
        {
          "model": "minecraft:block/purple_dark_fire_side_alt0",
          "y": 90
        },
        {
          "model": "minecraft:block/purple_dark_fire_side_alt1",
          "y": 90
        }
      ]
    },
    {
      "apply": [
        {
          "model": "minecraft:block/purple_dark_fire_side0",
          "y": 180
        },
        {
          "model": "minecraft:block/purple_dark_fire_side1",
          "y": 180
        },
        {
          "model": "minecraft:block/purple_dark_fire_side_alt0",
          "y": 180
        },
        {
          "model": "minecraft:block/purple_dark_fire_side_alt1",
          "y": 180
        }
      ]
    },
    {
      "apply": [
        {
          "model": "minecraft:block/purple_dark_fire_side0",
          "y": 270
        },
        {
          "model": "minecraft:block/purple_dark_fire_side1",
          "y": 270
        },
        {
          "model": "minecraft:block/purple_dark_fire_side_alt0",
          "y": 270
        },
        {
          "model": "minecraft:block/purple_dark_fire_side_alt1",
          "y": 270
        }
      ]
    }
  ]
}