{
	"credit": "Made with Blockbench",
	"texture_size": [64, 64],
	"parent": "block/block",
	"textures": {
		"0": "block/cash_register",
		"particle": "block/cash_register"
	},
	"elements": [
		{
			"from": [0, 0, 4],
			"to": [16, 6, 16],
			"rotation": {"angle": 0, "axis": "y", "origin": [8, 8, 23]},
			"faces": {
				"north": {"uv": [4, 4, 8, 5.5], "texture": "#0"},
				"east": {"uv": [4, 1.5, 7, 3], "texture": "#0"},
				"south": {"uv": [4, 0, 8, 1.5], "texture": "#0"},
				"west": {"uv": [4, 5.5, 7, 7], "texture": "#0"},
				"up": {"uv": [4, 3, 0, 0], "texture": "#0"},
				"down": {"uv": [4, 3, 0, 6], "texture": "#0"}
			}
		},
		{
			"from": [0, 0, 0],
			"to": [16, 2, 4],
			"faces": {
				"north": {"uv": [0, 7, 4, 7.5], "texture": "#0"},
				"east": {"uv": [7, 6.5, 8, 7], "texture": "#0"},
				"south": {"uv": [4, 7, 8, 7.5], "texture": "#0"},
				"west": {"uv": [0, 7.5, 1, 8], "texture": "#0"},
				"up": {"uv": [8, 4, 4, 3], "texture": "#0"},
				"down": {"uv": [4, 6, 0, 7], "texture": "#0"}
			}
		},
		{
			"from": [0, 2, 2],
			"to": [16, 3, 3],
			"rotation": {"angle": 0, "axis": "y", "origin": [8, 10, 10]},
			"faces": {
				"north": {"uv": [7, 2.5, 11, 2.75], "texture": "#0"},
				"east": {"uv": [1.5, 7.5, 1.75, 7.75], "texture": "#0"},
				"south": {"uv": [7, 2.75, 11, 3], "texture": "#0"},
				"west": {"uv": [1.75, 7.5, 2, 7.75], "texture": "#0"},
				"up": {"uv": [11, 5.75, 7, 5.5], "texture": "#0"},
				"down": {"uv": [11, 5.75, 7, 6], "texture": "#0"}
			}
		},
		{
			"from": [0, 2, 3],
			"to": [16, 4, 4],
			"rotation": {"angle": 0, "axis": "y", "origin": [8, 10, 11]},
			"faces": {
				"north": {"uv": [7, 1.5, 11, 2], "texture": "#0"},
				"east": {"uv": [1, 7.5, 1.25, 8], "texture": "#0"},
				"south": {"uv": [7, 2, 11, 2.5], "texture": "#0"},
				"west": {"uv": [1.25, 7.5, 1.5, 8], "texture": "#0"},
				"up": {"uv": [11, 6.25, 7, 6], "texture": "#0"},
				"down": {"uv": [11, 6.25, 7, 6.5], "texture": "#0"}
			}
		},
		{
			"from": [13, 6, 7],
			"to": [16, 8, 14],
			"rotation": {"angle": 0, "axis": "y", "origin": [23, 14, 19]},
			"faces": {
				"north": {"uv": [0, 0, 0.25, 0.25], "texture": "#0"},
				"east": {"uv": [0, 0, 0.25, 0.25], "texture": "#0"},
				"south": {"uv": [0, 0, 0.25, 0.25], "texture": "#0"},
				"west": {"uv": [0, 0, 0.25, 0.25], "texture": "#0"},
				"up": {"uv": [0, 0, 0.25, 0.25], "texture": "#0"},
				"down": {"uv": [0, 0, 0.25, 0.25], "texture": "#0"}
			}
		}
	]
}