{
  "parent": "minecraft:block/block",
  "textures": {
    "particle": "block/dirt",
    "bottom": "minecraft:block/dirt",
    "top": "minecraft:block/grass_block_top",
    "side": "minecraft:block/grass_block_side",
    "overlay": "block/grass_block_side_overlay"
  },
  "elements": [
    {   "from": [ 0, 8, 0 ],
      "to": [ 16, 16, 16 ],
      "faces": {
        "down":  { "uv": [ 0, 0, 16, 16 ], "texture": "#bottom", "cullface": "down" },
        "up":    { "uv": [ 0, 0, 16, 16 ], "texture": "#top",    "cullface": "up", "tintindex": 0 },
        "north": { "uv": [ 0, 0, 16, 8 ], "texture": "#side",   "cullface": "north" },
        "south": { "uv": [ 0, 0, 16, 8 ], "texture": "#side",   "cullface": "south" },
        "west":  { "uv": [ 0, 0, 16, 8 ], "texture": "#side",   "cullface": "west" },
        "east":  { "uv": [ 0, 0, 16, 8 ], "texture": "#side",   "cullface": "east" }
      }
    },
    {   "from": [ 0, 8, 0 ],
      "to": [ 16, 16, 16 ],
      "faces": {
        "north": { "uv": [ 0, 0, 16, 8 ], "texture": "#overlay", "tintindex": 0, "cullface": "north" },
        "south": { "uv": [ 0, 0, 16, 8 ], "texture": "#overlay", "tintindex": 0, "cullface": "south" },
        "west":  { "uv": [ 0, 0, 16, 8 ], "texture": "#overlay", "tintindex": 0, "cullface": "west" },
        "east":  { "uv": [ 0, 0, 16, 8 ], "texture": "#overlay", "tintindex": 0, "cullface": "east" }
      }
    }
  ]
}