{
	"credit": "Made with Blockbench",
	"parent": "item/shovel_display",
	"gui_light": "front",
	"textures": {
		"0": "item/diamond_shovel",
		"particle": "item/diamond_shovel"
	},
	"elements": [
		{
			"name": "diamond_shovel_0",
			"from": [11, 13, 7.5],
			"to": [12, 14, 8.5],
			"faces": {
				"north": {"uv": [11, 3, 12, 2], "rotation": 180, "texture": "#0"},
				"east": {"uv": [11, 2, 12, 3], "texture": "#0"},
				"south": {"uv": [11, 2, 12, 3], "texture": "#0"},
				"west": {"uv": [11, 2, 12, 3], "texture": "#0"},
				"up": {"uv": [12, 2, 11, 3], "rotation": 180, "texture": "#0"},
				"down": {"uv": [11, 2, 12, 3], "texture": "#0"}
			}
		},
		{
			"name": "diamond_shovel_1",
			"from": [12, 13, 7.5],
			"to": [13, 14, 8.5],
			"faces": {
				"north": {"uv": [12, 3, 13, 2], "rotation": 180, "texture": "#0"},
				"east": {"uv": [12, 2, 13, 3], "texture": "#0"},
				"south": {"uv": [12, 2, 13, 3], "texture": "#0"},
				"west": {"uv": [12, 2, 13, 3], "texture": "#0"},
				"up": {"uv": [13, 2, 12, 3], "rotation": 180, "texture": "#0"},
				"down": {"uv": [12, 2, 13, 3], "texture": "#0"}
			}
		},
		{
			"name": "diamond_shovel_2",
			"from": [13, 13, 7.5],
			"to": [14, 14, 8.5],
			"faces": {
				"north": {"uv": [13, 3, 14, 2], "rotation": 180, "texture": "#0"},
				"east": {"uv": [13, 2, 14, 3], "texture": "#0"},
				"south": {"uv": [13, 2, 14, 3], "texture": "#0"},
				"west": {"uv": [13, 2, 14, 3], "texture": "#0"},
				"up": {"uv": [14, 2, 13, 3], "rotation": 180, "texture": "#0"},
				"down": {"uv": [13, 2, 14, 3], "texture": "#0"}
			}
		},
		{
			"name": "diamond_shovel_3",
			"from": [10, 12, 7.5],
			"to": [11, 13, 8.5],
			"faces": {
				"north": {"uv": [10, 4, 11, 3], "rotation": 180, "texture": "#0"},
				"east": {"uv": [10, 3, 11, 4], "texture": "#0"},
				"south": {"uv": [10, 3, 11, 4], "texture": "#0"},
				"west": {"uv": [10, 3, 11, 4], "texture": "#0"},
				"up": {"uv": [11, 3, 10, 4], "rotation": 180, "texture": "#0"},
				"down": {"uv": [10, 3, 11, 4], "texture": "#0"}
			}
		},
		{
			"name": "diamond_shovel_4",
			"from": [11, 12, 7.5],
			"to": [12, 13, 8.5],
			"faces": {
				"north": {"uv": [11, 4, 12, 3], "rotation": 180, "texture": "#0"},
				"east": {"uv": [11, 3, 12, 4], "texture": "#0"},
				"south": {"uv": [11, 3, 12, 4], "texture": "#0"},
				"west": {"uv": [11, 3, 12, 4], "texture": "#0"},
				"up": {"uv": [12, 3, 11, 4], "rotation": 180, "texture": "#0"},
				"down": {"uv": [11, 3, 12, 4], "texture": "#0"}
			}
		},
		{
			"name": "diamond_shovel_5",
			"from": [12, 12, 7.5],
			"to": [13, 13, 8.5],
			"faces": {
				"north": {"uv": [12, 4, 13, 3], "rotation": 180, "texture": "#0"},
				"east": {"uv": [12, 3, 13, 4], "texture": "#0"},
				"south": {"uv": [12, 3, 13, 4], "texture": "#0"},
				"west": {"uv": [12, 3, 13, 4], "texture": "#0"},
				"up": {"uv": [13, 3, 12, 4], "rotation": 180, "texture": "#0"},
				"down": {"uv": [12, 3, 13, 4], "texture": "#0"}
			}
		},
		{
			"name": "diamond_shovel_6",
			"from": [13, 12, 7.5],
			"to": [14, 13, 8.5],
			"faces": {
				"north": {"uv": [13, 4, 14, 3], "rotation": 180, "texture": "#0"},
				"east": {"uv": [13, 3, 14, 4], "texture": "#0"},
				"south": {"uv": [13, 3, 14, 4], "texture": "#0"},
				"west": {"uv": [13, 3, 14, 4], "texture": "#0"},
				"up": {"uv": [14, 3, 13, 4], "rotation": 180, "texture": "#0"},
				"down": {"uv": [13, 3, 14, 4], "texture": "#0"}
			}
		},
		{
			"name": "diamond_shovel_7",
			"from": [14, 12, 7.5],
			"to": [15, 13, 8.5],
			"faces": {
				"north": {"uv": [14, 4, 15, 3], "rotation": 180, "texture": "#0"},
				"east": {"uv": [14, 3, 15, 4], "texture": "#0"},
				"south": {"uv": [14, 3, 15, 4], "texture": "#0"},
				"west": {"uv": [14, 3, 15, 4], "texture": "#0"},
				"up": {"uv": [15, 3, 14, 4], "rotation": 180, "texture": "#0"},
				"down": {"uv": [14, 3, 15, 4], "texture": "#0"}
			}
		},
		{
			"name": "diamond_shovel_8",
			"from": [9, 11, 7.5],
			"to": [10, 12, 8.5],
			"faces": {
				"north": {"uv": [9, 5, 10, 4], "rotation": 180, "texture": "#0"},
				"east": {"uv": [9, 4, 10, 5], "texture": "#0"},
				"south": {"uv": [9, 4, 10, 5], "texture": "#0"},
				"west": {"uv": [9, 4, 10, 5], "texture": "#0"},
				"up": {"uv": [10, 4, 9, 5], "rotation": 180, "texture": "#0"},
				"down": {"uv": [9, 4, 10, 5], "texture": "#0"}
			}
		},
		{
			"name": "diamond_shovel_9",
			"from": [10, 11, 7.5],
			"to": [11, 12, 8.5],
			"faces": {
				"north": {"uv": [10, 5, 11, 4], "rotation": 180, "texture": "#0"},
				"east": {"uv": [10, 4, 11, 5], "texture": "#0"},
				"south": {"uv": [10, 4, 11, 5], "texture": "#0"},
				"west": {"uv": [10, 4, 11, 5], "texture": "#0"},
				"up": {"uv": [11, 4, 10, 5], "rotation": 180, "texture": "#0"},
				"down": {"uv": [10, 4, 11, 5], "texture": "#0"}
			}
		},
		{
			"name": "diamond_shovel_10",
			"from": [11, 11, 7.5],
			"to": [12, 12, 8.5],
			"faces": {
				"north": {"uv": [11, 5, 12, 4], "rotation": 180, "texture": "#0"},
				"east": {"uv": [11, 4, 12, 5], "texture": "#0"},
				"south": {"uv": [11, 4, 12, 5], "texture": "#0"},
				"west": {"uv": [11, 4, 12, 5], "texture": "#0"},
				"up": {"uv": [12, 4, 11, 5], "rotation": 180, "texture": "#0"},
				"down": {"uv": [11, 4, 12, 5], "texture": "#0"}
			}
		},
		{
			"name": "diamond_shovel_11",
			"from": [12, 11, 7.5],
			"to": [13, 12, 8.5],
			"faces": {
				"north": {"uv": [12, 5, 13, 4], "rotation": 180, "texture": "#0"},
				"east": {"uv": [12, 4, 13, 5], "texture": "#0"},
				"south": {"uv": [12, 4, 13, 5], "texture": "#0"},
				"west": {"uv": [12, 4, 13, 5], "texture": "#0"},
				"up": {"uv": [13, 4, 12, 5], "rotation": 180, "texture": "#0"},
				"down": {"uv": [12, 4, 13, 5], "texture": "#0"}
			}
		},
		{
			"name": "diamond_shovel_12",
			"from": [13, 11, 7.5],
			"to": [14, 12, 8.5],
			"faces": {
				"north": {"uv": [13, 5, 14, 4], "rotation": 180, "texture": "#0"},
				"east": {"uv": [13, 4, 14, 5], "texture": "#0"},
				"south": {"uv": [13, 4, 14, 5], "texture": "#0"},
				"west": {"uv": [13, 4, 14, 5], "texture": "#0"},
				"up": {"uv": [14, 4, 13, 5], "rotation": 180, "texture": "#0"},
				"down": {"uv": [13, 4, 14, 5], "texture": "#0"}
			}
		},
		{
			"name": "diamond_shovel_13",
			"from": [14, 11, 7.5],
			"to": [15, 12, 8.5],
			"faces": {
				"north": {"uv": [14, 5, 15, 4], "rotation": 180, "texture": "#0"},
				"east": {"uv": [14, 4, 15, 5], "texture": "#0"},
				"south": {"uv": [14, 4, 15, 5], "texture": "#0"},
				"west": {"uv": [14, 4, 15, 5], "texture": "#0"},
				"up": {"uv": [15, 4, 14, 5], "rotation": 180, "texture": "#0"},
				"down": {"uv": [14, 4, 15, 5], "texture": "#0"}
			}
		},
		{
			"name": "diamond_shovel_14",
			"from": [8, 10, 7.5],
			"to": [9, 11, 8.5],
			"faces": {
				"north": {"uv": [8, 6, 9, 5], "rotation": 180, "texture": "#0"},
				"east": {"uv": [8, 5, 9, 6], "texture": "#0"},
				"south": {"uv": [8, 5, 9, 6], "texture": "#0"},
				"west": {"uv": [8, 5, 9, 6], "texture": "#0"},
				"up": {"uv": [9, 5, 8, 6], "rotation": 180, "texture": "#0"},
				"down": {"uv": [8, 5, 9, 6], "texture": "#0"}
			}
		},
		{
			"name": "diamond_shovel_15",
			"from": [9, 10, 7.5],
			"to": [10, 11, 8.5],
			"faces": {
				"north": {"uv": [9, 6, 10, 5], "rotation": 180, "texture": "#0"},
				"east": {"uv": [9, 5, 10, 6], "texture": "#0"},
				"south": {"uv": [9, 5, 10, 6], "texture": "#0"},
				"west": {"uv": [9, 5, 10, 6], "texture": "#0"},
				"up": {"uv": [10, 5, 9, 6], "rotation": 180, "texture": "#0"},
				"down": {"uv": [9, 5, 10, 6], "texture": "#0"}
			}
		},
		{
			"name": "diamond_shovel_16",
			"from": [10, 10, 7.5],
			"to": [11, 11, 8.5],
			"faces": {
				"north": {"uv": [10, 6, 11, 5], "rotation": 180, "texture": "#0"},
				"east": {"uv": [10, 5, 11, 6], "texture": "#0"},
				"south": {"uv": [10, 5, 11, 6], "texture": "#0"},
				"west": {"uv": [10, 5, 11, 6], "texture": "#0"},
				"up": {"uv": [11, 5, 10, 6], "rotation": 180, "texture": "#0"},
				"down": {"uv": [10, 5, 11, 6], "texture": "#0"}
			}
		},
		{
			"name": "diamond_shovel_17",
			"from": [11, 10, 7.5],
			"to": [12, 11, 8.5],
			"faces": {
				"north": {"uv": [11, 6, 12, 5], "rotation": 180, "texture": "#0"},
				"east": {"uv": [11, 5, 12, 6], "texture": "#0"},
				"south": {"uv": [11, 5, 12, 6], "texture": "#0"},
				"west": {"uv": [11, 5, 12, 6], "texture": "#0"},
				"up": {"uv": [12, 5, 11, 6], "rotation": 180, "texture": "#0"},
				"down": {"uv": [11, 5, 12, 6], "texture": "#0"}
			}
		},
		{
			"name": "diamond_shovel_18",
			"from": [12, 10, 7.5],
			"to": [13, 11, 8.5],
			"faces": {
				"north": {"uv": [12, 6, 13, 5], "rotation": 180, "texture": "#0"},
				"east": {"uv": [12, 5, 13, 6], "texture": "#0"},
				"south": {"uv": [12, 5, 13, 6], "texture": "#0"},
				"west": {"uv": [12, 5, 13, 6], "texture": "#0"},
				"up": {"uv": [13, 5, 12, 6], "rotation": 180, "texture": "#0"},
				"down": {"uv": [12, 5, 13, 6], "texture": "#0"}
			}
		},
		{
			"name": "diamond_shovel_19",
			"from": [13, 10, 7.5],
			"to": [14, 11, 8.5],
			"faces": {
				"north": {"uv": [13, 6, 14, 5], "rotation": 180, "texture": "#0"},
				"east": {"uv": [13, 5, 14, 6], "texture": "#0"},
				"south": {"uv": [13, 5, 14, 6], "texture": "#0"},
				"west": {"uv": [13, 5, 14, 6], "texture": "#0"},
				"up": {"uv": [14, 5, 13, 6], "rotation": 180, "texture": "#0"},
				"down": {"uv": [13, 5, 14, 6], "texture": "#0"}
			}
		},
		{
			"name": "diamond_shovel_20",
			"from": [14, 10, 7.5],
			"to": [15, 11, 8.5],
			"faces": {
				"north": {"uv": [14, 6, 15, 5], "rotation": 180, "texture": "#0"},
				"east": {"uv": [14, 5, 15, 6], "texture": "#0"},
				"south": {"uv": [14, 5, 15, 6], "texture": "#0"},
				"west": {"uv": [14, 5, 15, 6], "texture": "#0"},
				"up": {"uv": [15, 5, 14, 6], "rotation": 180, "texture": "#0"},
				"down": {"uv": [14, 5, 15, 6], "texture": "#0"}
			}
		},
		{
			"name": "diamond_shovel_21",
			"from": [9, 9, 7.5],
			"to": [10, 10, 8.5],
			"faces": {
				"north": {"uv": [9, 7, 10, 6], "rotation": 180, "texture": "#0"},
				"east": {"uv": [9, 6, 10, 7], "texture": "#0"},
				"south": {"uv": [9, 6, 10, 7], "texture": "#0"},
				"west": {"uv": [9, 6, 10, 7], "texture": "#0"},
				"up": {"uv": [10, 6, 9, 7], "rotation": 180, "texture": "#0"},
				"down": {"uv": [9, 6, 10, 7], "texture": "#0"}
			}
		},
		{
			"name": "diamond_shovel_22",
			"from": [10, 9, 7.5],
			"to": [11, 10, 8.5],
			"faces": {
				"north": {"uv": [10, 7, 11, 6], "rotation": 180, "texture": "#0"},
				"east": {"uv": [10, 6, 11, 7], "texture": "#0"},
				"south": {"uv": [10, 6, 11, 7], "texture": "#0"},
				"west": {"uv": [10, 6, 11, 7], "texture": "#0"},
				"up": {"uv": [11, 6, 10, 7], "rotation": 180, "texture": "#0"},
				"down": {"uv": [10, 6, 11, 7], "texture": "#0"}
			}
		},
		{
			"name": "diamond_shovel_23",
			"from": [11, 9, 7.5],
			"to": [12, 10, 8.5],
			"faces": {
				"north": {"uv": [11, 7, 12, 6], "rotation": 180, "texture": "#0"},
				"east": {"uv": [11, 6, 12, 7], "texture": "#0"},
				"south": {"uv": [11, 6, 12, 7], "texture": "#0"},
				"west": {"uv": [11, 6, 12, 7], "texture": "#0"},
				"up": {"uv": [12, 6, 11, 7], "rotation": 180, "texture": "#0"},
				"down": {"uv": [11, 6, 12, 7], "texture": "#0"}
			}
		},
		{
			"name": "diamond_shovel_24",
			"from": [12, 9, 7.5],
			"to": [13, 10, 8.5],
			"faces": {
				"north": {"uv": [12, 7, 13, 6], "rotation": 180, "texture": "#0"},
				"east": {"uv": [12, 6, 13, 7], "texture": "#0"},
				"south": {"uv": [12, 6, 13, 7], "texture": "#0"},
				"west": {"uv": [12, 6, 13, 7], "texture": "#0"},
				"up": {"uv": [13, 6, 12, 7], "rotation": 180, "texture": "#0"},
				"down": {"uv": [12, 6, 13, 7], "texture": "#0"}
			}
		},
		{
			"name": "diamond_shovel_25",
			"from": [13, 9, 7.5],
			"to": [14, 10, 8.5],
			"faces": {
				"north": {"uv": [13, 7, 14, 6], "rotation": 180, "texture": "#0"},
				"east": {"uv": [13, 6, 14, 7], "texture": "#0"},
				"south": {"uv": [13, 6, 14, 7], "texture": "#0"},
				"west": {"uv": [13, 6, 14, 7], "texture": "#0"},
				"up": {"uv": [14, 6, 13, 7], "rotation": 180, "texture": "#0"},
				"down": {"uv": [13, 6, 14, 7], "texture": "#0"}
			}
		},
		{
			"name": "diamond_shovel_26",
			"from": [8, 8, 7.5],
			"to": [9, 9, 8.5],
			"faces": {
				"north": {"uv": [8, 8, 9, 7], "rotation": 180, "texture": "#0"},
				"east": {"uv": [8, 7, 9, 8], "texture": "#0"},
				"south": {"uv": [8, 7, 9, 8], "texture": "#0"},
				"west": {"uv": [8, 7, 9, 8], "texture": "#0"},
				"up": {"uv": [9, 7, 8, 8], "rotation": 180, "texture": "#0"},
				"down": {"uv": [8, 7, 9, 8], "texture": "#0"}
			}
		},
		{
			"name": "diamond_shovel_27",
			"from": [9, 8, 7.5],
			"to": [10, 9, 8.5],
			"faces": {
				"north": {"uv": [9, 8, 10, 7], "rotation": 180, "texture": "#0"},
				"east": {"uv": [9, 7, 10, 8], "texture": "#0"},
				"south": {"uv": [9, 7, 10, 8], "texture": "#0"},
				"west": {"uv": [9, 7, 10, 8], "texture": "#0"},
				"up": {"uv": [10, 7, 9, 8], "rotation": 180, "texture": "#0"},
				"down": {"uv": [9, 7, 10, 8], "texture": "#0"}
			}
		},
		{
			"name": "diamond_shovel_28",
			"from": [10, 8, 7.5],
			"to": [11, 9, 8.5],
			"faces": {
				"north": {"uv": [10, 8, 11, 7], "rotation": 180, "texture": "#0"},
				"east": {"uv": [10, 7, 11, 8], "texture": "#0"},
				"south": {"uv": [10, 7, 11, 8], "texture": "#0"},
				"west": {"uv": [10, 7, 11, 8], "texture": "#0"},
				"up": {"uv": [11, 7, 10, 8], "rotation": 180, "texture": "#0"},
				"down": {"uv": [10, 7, 11, 8], "texture": "#0"}
			}
		},
		{
			"name": "diamond_shovel_29",
			"from": [11, 8, 7.5],
			"to": [12, 9, 8.5],
			"faces": {
				"north": {"uv": [11, 8, 12, 7], "rotation": 180, "texture": "#0"},
				"east": {"uv": [11, 7, 12, 8], "texture": "#0"},
				"south": {"uv": [11, 7, 12, 8], "texture": "#0"},
				"west": {"uv": [11, 7, 12, 8], "texture": "#0"},
				"up": {"uv": [12, 7, 11, 8], "rotation": 180, "texture": "#0"},
				"down": {"uv": [11, 7, 12, 8], "texture": "#0"}
			}
		},
		{
			"name": "diamond_shovel_30",
			"from": [12, 8, 7.5],
			"to": [13, 9, 8.5],
			"faces": {
				"north": {"uv": [12, 8, 13, 7], "rotation": 180, "texture": "#0"},
				"east": {"uv": [12, 7, 13, 8], "texture": "#0"},
				"south": {"uv": [12, 7, 13, 8], "texture": "#0"},
				"west": {"uv": [12, 7, 13, 8], "texture": "#0"},
				"up": {"uv": [13, 7, 12, 8], "rotation": 180, "texture": "#0"},
				"down": {"uv": [12, 7, 13, 8], "texture": "#0"}
			}
		},
		{
			"name": "diamond_shovel_31",
			"from": [7, 7, 7.5],
			"to": [8, 8, 8.5],
			"faces": {
				"north": {"uv": [7, 9, 8, 8], "rotation": 180, "texture": "#0"},
				"east": {"uv": [7, 8, 8, 9], "texture": "#0"},
				"south": {"uv": [7, 8, 8, 9], "texture": "#0"},
				"west": {"uv": [7, 8, 8, 9], "texture": "#0"},
				"up": {"uv": [8, 8, 7, 9], "rotation": 180, "texture": "#0"},
				"down": {"uv": [7, 8, 8, 9], "texture": "#0"}
			}
		},
		{
			"name": "diamond_shovel_32",
			"from": [8, 7, 7.5],
			"to": [9, 8, 8.5],
			"faces": {
				"north": {"uv": [8, 9, 9, 8], "rotation": 180, "texture": "#0"},
				"east": {"uv": [8, 8, 9, 9], "texture": "#0"},
				"south": {"uv": [8, 8, 9, 9], "texture": "#0"},
				"west": {"uv": [8, 8, 9, 9], "texture": "#0"},
				"up": {"uv": [9, 8, 8, 9], "rotation": 180, "texture": "#0"},
				"down": {"uv": [8, 8, 9, 9], "texture": "#0"}
			}
		},
		{
			"name": "diamond_shovel_33",
			"from": [9, 7, 7.5],
			"to": [10, 8, 8.5],
			"faces": {
				"north": {"uv": [9, 9, 10, 8], "rotation": 180, "texture": "#0"},
				"east": {"uv": [9, 8, 10, 9], "texture": "#0"},
				"south": {"uv": [9, 8, 10, 9], "texture": "#0"},
				"west": {"uv": [9, 8, 10, 9], "texture": "#0"},
				"up": {"uv": [10, 8, 9, 9], "rotation": 180, "texture": "#0"},
				"down": {"uv": [9, 8, 10, 9], "texture": "#0"}
			}
		},
		{
			"name": "diamond_shovel_34",
			"from": [11, 7, 7.5],
			"to": [12, 8, 8.5],
			"faces": {
				"north": {"uv": [11, 9, 12, 8], "rotation": 180, "texture": "#0"},
				"east": {"uv": [11, 8, 12, 9], "texture": "#0"},
				"south": {"uv": [11, 8, 12, 9], "texture": "#0"},
				"west": {"uv": [11, 8, 12, 9], "texture": "#0"},
				"up": {"uv": [12, 8, 11, 9], "rotation": 180, "texture": "#0"},
				"down": {"uv": [11, 8, 12, 9], "texture": "#0"}
			}
		},
		{
			"name": "diamond_shovel_35",
			"from": [6, 6, 7.5],
			"to": [7, 7, 8.5],
			"faces": {
				"north": {"uv": [6, 10, 7, 9], "rotation": 180, "texture": "#0"},
				"east": {"uv": [6, 9, 7, 10], "texture": "#0"},
				"south": {"uv": [6, 9, 7, 10], "texture": "#0"},
				"west": {"uv": [6, 9, 7, 10], "texture": "#0"},
				"up": {"uv": [7, 9, 6, 10], "rotation": 180, "texture": "#0"},
				"down": {"uv": [6, 9, 7, 10], "texture": "#0"}
			}
		},
		{
			"name": "diamond_shovel_36",
			"from": [7, 6, 7.5],
			"to": [8, 7, 8.5],
			"faces": {
				"north": {"uv": [7, 10, 8, 9], "rotation": 180, "texture": "#0"},
				"east": {"uv": [7, 9, 8, 10], "texture": "#0"},
				"south": {"uv": [7, 9, 8, 10], "texture": "#0"},
				"west": {"uv": [7, 9, 8, 10], "texture": "#0"},
				"up": {"uv": [8, 9, 7, 10], "rotation": 180, "texture": "#0"},
				"down": {"uv": [7, 9, 8, 10], "texture": "#0"}
			}
		},
		{
			"name": "diamond_shovel_37",
			"from": [8, 6, 7.5],
			"to": [9, 7, 8.5],
			"faces": {
				"north": {"uv": [8, 10, 9, 9], "rotation": 180, "texture": "#0"},
				"east": {"uv": [8, 9, 9, 10], "texture": "#0"},
				"south": {"uv": [8, 9, 9, 10], "texture": "#0"},
				"west": {"uv": [8, 9, 9, 10], "texture": "#0"},
				"up": {"uv": [9, 9, 8, 10], "rotation": 180, "texture": "#0"},
				"down": {"uv": [8, 9, 9, 10], "texture": "#0"}
			}
		},
		{
			"name": "diamond_shovel_38",
			"from": [5, 5, 7.5],
			"to": [6, 6, 8.5],
			"faces": {
				"north": {"uv": [5, 11, 6, 10], "rotation": 180, "texture": "#0"},
				"east": {"uv": [5, 10, 6, 11], "texture": "#0"},
				"south": {"uv": [5, 10, 6, 11], "texture": "#0"},
				"west": {"uv": [5, 10, 6, 11], "texture": "#0"},
				"up": {"uv": [6, 10, 5, 11], "rotation": 180, "texture": "#0"},
				"down": {"uv": [5, 10, 6, 11], "texture": "#0"}
			}
		},
		{
			"name": "diamond_shovel_39",
			"from": [6, 5, 7.5],
			"to": [7, 6, 8.5],
			"faces": {
				"north": {"uv": [6, 11, 7, 10], "rotation": 180, "texture": "#0"},
				"east": {"uv": [6, 10, 7, 11], "texture": "#0"},
				"south": {"uv": [6, 10, 7, 11], "texture": "#0"},
				"west": {"uv": [6, 10, 7, 11], "texture": "#0"},
				"up": {"uv": [7, 10, 6, 11], "rotation": 180, "texture": "#0"},
				"down": {"uv": [6, 10, 7, 11], "texture": "#0"}
			}
		},
		{
			"name": "diamond_shovel_40",
			"from": [7, 5, 7.5],
			"to": [8, 6, 8.5],
			"faces": {
				"north": {"uv": [7, 11, 8, 10], "rotation": 180, "texture": "#0"},
				"east": {"uv": [7, 10, 8, 11], "texture": "#0"},
				"south": {"uv": [7, 10, 8, 11], "texture": "#0"},
				"west": {"uv": [7, 10, 8, 11], "texture": "#0"},
				"up": {"uv": [8, 10, 7, 11], "rotation": 180, "texture": "#0"},
				"down": {"uv": [7, 10, 8, 11], "texture": "#0"}
			}
		},
		{
			"name": "diamond_shovel_41",
			"from": [4, 4, 7.5],
			"to": [5, 5, 8.5],
			"faces": {
				"north": {"uv": [4, 12, 5, 11], "rotation": 180, "texture": "#0"},
				"east": {"uv": [4, 11, 5, 12], "texture": "#0"},
				"south": {"uv": [4, 11, 5, 12], "texture": "#0"},
				"west": {"uv": [4, 11, 5, 12], "texture": "#0"},
				"up": {"uv": [5, 11, 4, 12], "rotation": 180, "texture": "#0"},
				"down": {"uv": [4, 11, 5, 12], "texture": "#0"}
			}
		},
		{
			"name": "diamond_shovel_42",
			"from": [5, 4, 7.5],
			"to": [6, 5, 8.5],
			"faces": {
				"north": {"uv": [5, 12, 6, 11], "rotation": 180, "texture": "#0"},
				"east": {"uv": [5, 11, 6, 12], "texture": "#0"},
				"south": {"uv": [5, 11, 6, 12], "texture": "#0"},
				"west": {"uv": [5, 11, 6, 12], "texture": "#0"},
				"up": {"uv": [6, 11, 5, 12], "rotation": 180, "texture": "#0"},
				"down": {"uv": [5, 11, 6, 12], "texture": "#0"}
			}
		},
		{
			"name": "diamond_shovel_43",
			"from": [6, 4, 7.5],
			"to": [7, 5, 8.5],
			"faces": {
				"north": {"uv": [6, 12, 7, 11], "rotation": 180, "texture": "#0"},
				"east": {"uv": [6, 11, 7, 12], "texture": "#0"},
				"south": {"uv": [6, 11, 7, 12], "texture": "#0"},
				"west": {"uv": [6, 11, 7, 12], "texture": "#0"},
				"up": {"uv": [7, 11, 6, 12], "rotation": 180, "texture": "#0"},
				"down": {"uv": [6, 11, 7, 12], "texture": "#0"}
			}
		},
		{
			"name": "diamond_shovel_44",
			"from": [2, 3, 7.5],
			"to": [3, 4, 8.5],
			"faces": {
				"north": {"uv": [2, 13, 3, 12], "rotation": 180, "texture": "#0"},
				"east": {"uv": [2, 12, 3, 13], "texture": "#0"},
				"south": {"uv": [2, 12, 3, 13], "texture": "#0"},
				"west": {"uv": [2, 12, 3, 13], "texture": "#0"},
				"up": {"uv": [3, 12, 2, 13], "rotation": 180, "texture": "#0"},
				"down": {"uv": [2, 12, 3, 13], "texture": "#0"}
			}
		},
		{
			"name": "diamond_shovel_45",
			"from": [3, 3, 7.5],
			"to": [4, 4, 8.5],
			"faces": {
				"north": {"uv": [3, 13, 4, 12], "rotation": 180, "texture": "#0"},
				"east": {"uv": [3, 12, 4, 13], "texture": "#0"},
				"south": {"uv": [3, 12, 4, 13], "texture": "#0"},
				"west": {"uv": [3, 12, 4, 13], "texture": "#0"},
				"up": {"uv": [4, 12, 3, 13], "rotation": 180, "texture": "#0"},
				"down": {"uv": [3, 12, 4, 13], "texture": "#0"}
			}
		},
		{
			"name": "diamond_shovel_46",
			"from": [4, 3, 7.5],
			"to": [5, 4, 8.5],
			"faces": {
				"north": {"uv": [4, 13, 5, 12], "rotation": 180, "texture": "#0"},
				"east": {"uv": [4, 12, 5, 13], "texture": "#0"},
				"south": {"uv": [4, 12, 5, 13], "texture": "#0"},
				"west": {"uv": [4, 12, 5, 13], "texture": "#0"},
				"up": {"uv": [5, 12, 4, 13], "rotation": 180, "texture": "#0"},
				"down": {"uv": [4, 12, 5, 13], "texture": "#0"}
			}
		},
		{
			"name": "diamond_shovel_47",
			"from": [5, 3, 7.5],
			"to": [6, 4, 8.5],
			"faces": {
				"north": {"uv": [5, 13, 6, 12], "rotation": 180, "texture": "#0"},
				"east": {"uv": [5, 12, 6, 13], "texture": "#0"},
				"south": {"uv": [5, 12, 6, 13], "texture": "#0"},
				"west": {"uv": [5, 12, 6, 13], "texture": "#0"},
				"up": {"uv": [6, 12, 5, 13], "rotation": 180, "texture": "#0"},
				"down": {"uv": [5, 12, 6, 13], "texture": "#0"}
			}
		},
		{
			"name": "diamond_shovel_48",
			"from": [2, 2, 7.5],
			"to": [3, 3, 8.5],
			"faces": {
				"north": {"uv": [2, 14, 3, 13], "rotation": 180, "texture": "#0"},
				"east": {"uv": [2, 13, 3, 14], "texture": "#0"},
				"south": {"uv": [2, 13, 3, 14], "texture": "#0"},
				"west": {"uv": [2, 13, 3, 14], "texture": "#0"},
				"up": {"uv": [3, 13, 2, 14], "rotation": 180, "texture": "#0"},
				"down": {"uv": [2, 13, 3, 14], "texture": "#0"}
			}
		},
		{
			"name": "diamond_shovel_49",
			"from": [3, 2, 7.5],
			"to": [4, 3, 8.5],
			"faces": {
				"north": {"uv": [3, 14, 4, 13], "rotation": 180, "texture": "#0"},
				"east": {"uv": [3, 13, 4, 14], "texture": "#0"},
				"south": {"uv": [3, 13, 4, 14], "texture": "#0"},
				"west": {"uv": [3, 13, 4, 14], "texture": "#0"},
				"up": {"uv": [4, 13, 3, 14], "rotation": 180, "texture": "#0"},
				"down": {"uv": [3, 13, 4, 14], "texture": "#0"}
			}
		},
		{
			"name": "diamond_shovel_50",
			"from": [4, 2, 7.5],
			"to": [5, 3, 8.5],
			"faces": {
				"north": {"uv": [4, 14, 5, 13], "rotation": 180, "texture": "#0"},
				"east": {"uv": [4, 13, 5, 14], "texture": "#0"},
				"south": {"uv": [4, 13, 5, 14], "texture": "#0"},
				"west": {"uv": [4, 13, 5, 14], "texture": "#0"},
				"up": {"uv": [5, 13, 4, 14], "rotation": 180, "texture": "#0"},
				"down": {"uv": [4, 13, 5, 14], "texture": "#0"}
			}
		},
		{
			"name": "diamond_shovel_51",
			"from": [3, 1, 7.5],
			"to": [4, 2, 8.5],
			"faces": {
				"north": {"uv": [3, 15, 4, 14], "rotation": 180, "texture": "#0"},
				"east": {"uv": [3, 14, 4, 15], "texture": "#0"},
				"south": {"uv": [3, 14, 4, 15], "texture": "#0"},
				"west": {"uv": [3, 14, 4, 15], "texture": "#0"},
				"up": {"uv": [4, 14, 3, 15], "rotation": 180, "texture": "#0"},
				"down": {"uv": [3, 14, 4, 15], "texture": "#0"}
			}
		},
		{
			"name": "diamond_shovel_52",
			"from": [4, 1, 7.5],
			"to": [5, 2, 8.5],
			"faces": {
				"north": {"uv": [4, 15, 5, 14], "rotation": 180, "texture": "#0"},
				"east": {"uv": [4, 14, 5, 15], "texture": "#0"},
				"south": {"uv": [4, 14, 5, 15], "texture": "#0"},
				"west": {"uv": [4, 14, 5, 15], "texture": "#0"},
				"up": {"uv": [5, 14, 4, 15], "rotation": 180, "texture": "#0"},
				"down": {"uv": [4, 14, 5, 15], "texture": "#0"}
			}
		}
	],
	"groups": [
		{
			"name": "diamond_shovel",
			"origin": [8, 8, 8],
			"children": [0, 1, 2, 3, 4, 5, 6, 7, 8, 9, 10, 11, 12, 13, 14, 15, 16, 17, 18, 19, 20, 21, 22, 23, 24, 25, 26, 27, 28, 29, 30, 31, 32, 33, 34, 35, 36, 37, 38, 39, 40, 41, 42, 43, 44, 45, 46, 47, 48, 49, 50, 51, 52]
		}
	]
}